{"companyId":"company-id-0","complexData":{"moreData0":80.38962769038552,"moreData1":67.59940603832328,"moreData10":74.50924523431625,"moreData11":92.96291318204484,"moreData12":75.13023383109845,"moreData13":43.94330159840199,"moreData14":23.334792361614873,"moreData15":32.21853510554651,"moreData16":96.58673590637622,"moreData17":52.5578438534745,"moreData18":63.39024971496413,"moreData19":22.80835333612779,"moreData2":22.447193267803208,"moreData20":27.728526445524047,"moreData21":16.174710971287162,"moreData22":32.80069098675972,"moreData3":57.7561638423504,"moreData4":81.23640205927767,"moreData5":20.215883096516585,"moreData6":73.82850919708272,"moreData7":62.03384203312596,"moreData8":62.459173255090086,"moreData9":73.83777749607003},"createdAt":"2020-11-25 18:09:28.846181","deviceId":"contoso://device-id-674","deviceSequenceNumber":966,"eventId":"6c29685e-0c07-4ce9-8f8d-87a7419e8d2e","type":"TEMP","value":37.768627215179805}
